{"accuracy": [0.46875, 0.34606480598449707, 0.5202546119689941, 0.44907405972480774, 0.4861111044883728], "loss": [1.0242501497268677, 1.0650551319122314, 0.9868648052215576, 0.9254171848297119, 0.9723339676856995], "val_accuracy": [0.5677083134651184, 0.5, 0.703125, 0.5, 0.578125], "val_loss": [0.9586120247840881, 0.9529179930686951, 0.9032189249992371, 0.6961717009544373, 0.8398723602294922]}