{"accuracy": [0.5833333134651184, 0.4305555522441864, 0.44907405972480774, 0.49016204476356506, 0.4861111044883728], "loss": [1.0400177240371704, 0.9519256353378296, 0.8986756801605225, 1.0396432876586914, 0.9722922444343567], "val_accuracy": [0.5, 0.5, 0.5, 0.5, 0.5], "val_loss": [1.0059328079223633, 0.852329671382904, 0.7313268184661865, 0.8634602427482605, 0.8279851078987122]}